item_uuid	service_item_name	Did Lucy answer the call in EN? (Y/N)	Did Lucy end the call in CN? (Y/N)	Was call redirected (Y/N)	Did Service Ticket matched (y/n)	FCS1 Service Item	FCS1 Remarks (please highlight the cell when transcript did not match your dialog)	found in job_items.txt
2768da54-676d-434b-af2c-95c5b9643e04	Kitchen Fridge 	Y	N	N	N	Can't close the minibar door	"fridge. **Concierge:** Hello ms. Aida one, this is Lucy at the front desk. How may I help you? **Guest:** Hi, can you help to refill the kitchen fridge? **Concierge:** Certainly! I'll have someone send someone to your room right away to refill the refrigerator. Do you need anything else? **Guest:** No, thank you. **Concierge:** Thank you, have a good stay! **Guest:** (音乐) **Concierge:** Goodbye then(ms. Aida)"	
c45ec11d-bb0c-40ce-ae28-0f72a8c7451e	Kitchen Light Fused / Flickering	Y	N	N	N	Need Assistance	"others. **Concierge:** Hello ms. Aida one, this is Lucy at the front desk. How may I help you? **Guest:** Hi, I can see that the kitchen light is flickering. **Concierge:** We'll send someone to fix the problem right away! Can I help with anything else? **Guest:** No, thank you. **Concierge:** Thank you, have a good stay"	
03dfa134-0a84-4e29-bc38-3632c93722f6	Kitchen Oven Light Fused	Y	N	N	N	Need Assistance	"others. **Concierge:** Hello ms. Aida one, this is Lucy at the front desk. How may I help you? **Guest:** Hi, the kitchen oven light is fused. **Concierge:** We'll send someone to fix that right away! Can I help with anything else? **Guest:** No, thank you. **Concierge:** Thank you, have a good stay"	
c11aed19-8bfd-41f0-9a2b-53ea30c13c1b	Kitchen Pipe Burst / Leaking	Y	N	N	N	Need Assistance	"others. **Concierge:** Hello ms. Aida one, this is Lucy at the front desk. How may I help you? **Guest:** Hi, the kitchen pipe is leaking. **Concierge:** We'll send someone to fix that right away! Can I help with anything else? **Guest:** No, thank you. **Concierge:** Thank you, have a good stay"	
4659945e-d25f-4076-97c5-3928ff8d756f	Kitchen Power Tripped	Y	N	N	N	Need Assistance	"others. **Concierge:** Hello ms. Aida one, this is Lucy at the front desk. How may I help you? **Guest:** Hello, I think the kitchen power is tripped. **Concierge:** We'll send someone to fix that right away! Can I help with anything else? **Guest:** Now, thank you. **Concierge:** Thank you, have a good stay"	
f439f5e8-1436-4a32-b8fc-1220de24b1a9	Kitchen replace Busted Light in Exhaust Hood	Y	N	N	N	Kitchen Air Vent Rusty	"kitchen exhaust. **Concierge:** Hello ms. Aida one, this is Lucy at the front desk. How may I help you? **Guest:** Hi, can you help to see the kitchen exhaust hood and replace the busted light? **Concierge:** Of course! I'll send someone up right away to fix that for you. Can I help with anything else? **Guest:** No, thank you. **Concierge:** Thank you, have a good stay"	
985ee42d-a37a-46ee-ad5e-0032ce735bbc	L2 Walkway side glass Panel to Clean	Y	N	N	N	Make up Room	"send someone to clean. **Concierge:** Hello ms. Aida one, this is Lucy at the front desk. How may I help you? **Guest:** Hi, can you send someone to clean the walkway side glass at level 2? **Concierge:** Of course! We'll arrange for that right away. Is there anything else you need assistance with? **Guest:** No, thank you. **Concierge:** Thank you, have a good stay"	
7fc9b266-4be1-40cc-81da-10e3ad11230a	L9 Office to clean	Y	N	N	N	Need Assistance	"others. **Concierge:** Hello ms. Aida one, this is Lucy at the front desk. How may I help you? **Guest:** Hi, can you clean the office in level 9? **Concierge:** Of course! I'll have someone come by shortly to clean the office on your behalf. Is there anything else you need assistance with? **Guest:** No, thank you. **Concierge:** Thank you, and take care"	
dc64c3dc-4590-46b7-89c7-4a4cc450e225	LED Light around Techno Wall not Working	Y	N	N	N	Need Assistance	"others. **Concierge:** Hello ms. Aida one, this is Lucy at the front desk. How may I help you? **Guest:** Hi, the LED light around Techno wall is not working. **Concierge:** We'll send someone to fix that right away. Can I help with anything else? **Guest:** No, thank you. **Concierge:** Thank you, have a good stay"	
ca3980ab-c865-4b3b-a1e5-8e749ce6f1b4	Lift Door Not Fully Closed	Y	N	N	N	Need Assistance	"others. **Concierge:** Hello ms. Aida one, this is Lucy at the front desk. How may I help you? **Guest:** Hi, the lift door is not fully closed. **Concierge:** We'll send someone to fix that right away. Can I help with anything else? **Guest:** No, thank you. **Concierge:** Thank you, have a good stay"	
f5a597e9-f65c-46b9-a35e-947b1a5f0247	Lockset low battery	Y	N	N	N	Need Assistance	"others. **Concierge:** Hello ms. Aida one, this is Lucy at the front desk. How may I help you? **Guest:** Hi, can I have a battery because the lock set has a low battery? **Concierge:** Certainly! I'll send someone to get that for you right away. Can I help with anything else? **Guest:** No, thank you. **Concierge:** Thank you, and take care"	
8899fd94-86c6-40d7-9cfd-34df7f70d958	Low Water Pressure - Basin Tap	Y	N	N	N	Low water pressure from shower	"low water pressure. **Concierge:** Hello ms. Aida one, this is Lucy at the front desk. How may I help you? **Guest:** Hi, the basin tap has low water pressure. **Concierge:** We'll send someone to fix that right away! Can I help with anything else? **Guest:** No, thank you. **Concierge:** Thank you, have a good stay"	
46177083-79fb-4eff-a207-a0fc04826bb8	Luggage (Assist to FORCE Open)	Y	N	N	N	Need Assistance	"others. **Concierge:** Hello ms. Aida one, this is Lucy at the front desk. How may I help you? **Guest:** Hi, I need someone to assist me to force open the luggage. **Concierge:** We'll send someone to assist you right away. Do you need anything else? **Guest:** No, thank yo"	
e0ff89a1-4660-48ec-87bb-cb5e045c544f	Luggage Lock (Assist to Cut / Break Lock)	Y	N	N	N	Need Assistance	"others. **Concierge:** Hello ms. Aida one, this is Lucy at the front desk. How may I help you? **Guest:** Hi, I need help to cut the luggage lock. **Concierge:** Certainly! I'll send someone to assist you right away. Do you need anything else while we're here? **Guest:** No, thank you. **Concierge:** Thank you, have a good stay"	
7144de51-48c2-43dd-bb9d-4ce75e657d8f	Luggage Rack to Touch-up	Y	N	N	N	Need Assistance	"others. **Concierge:** Hello ms. Aida one, this is Lucy at the front desk. How may I help you? **Guest:** Hi, can I request for luggage rack to touch up? **Concierge:** Absolutely! I'll arrange that right away. Anything else you need? **Guest:** No, thank you. **Concierge:** Thank you, have a good stay"	
1f6dc81b-0d13-439e-93c2-cc29ebd51f83	Minibar restocking / replenishment	Y	N	N	N	Can't close the minibar door	"mini bar. **Concierge:** Hello ms. Aida one, this is Lucy at the front desk. How may I help you? **Guest:** Hi, can you please replenish my mini bar? **Concierge:** Certainly! I'll have more drinks delivered right away. Is there anything else you need assistance with? **Guest:** Now thank you. **Concierge:** Thank you, and enjoy your stay"	
dd82780b-7121-4d40-955c-e175bdc14f53	Neon Light Fused	Y	N	N	N	Need Assistance	"others. **Concierge:** Hello ms. Aida one, this is Lucy at the front desk. How may I help you? **Guest:** Hi, the neon light in my room is broken. **Concierge:** We'll send someone to fix that right away! Can I help with anything else? **Guest:** No, thank you. **Concierge:** Thank you, have a good stay"	
776752fa-db7b-4d5c-89e6-61c82436a372	Pond Water Overflow	Y	N	N	N	Need assistance	"others. **Concierge:** Hello ms. Aida one, this is Lucy at the front desk. How may I help you? **Guest:** Hi, the pond water is overflowed. **Concierge:** We'll send someone to fix that right away! Can I help with anything else? **Guest:** No, thank you. **Concierge:** Thank you, have a good stay"	
f561171c-7116-4e8a-b12f-34064f8e6c25	Showcase Glass to Clean	Y	N	N	N	Need assistance	"glass. **Concierge:** Hello ms. Aida one, this is Lucy at the front desk. How may I help you? **Guest:** Hi, can I request to clean the showcase glass? **Concierge:** Certainly! We'll arrange for that right away. Is there anything else you need assistance with? **Guest:** No, thank you. **Concierge:** Thank you, have a good stay"	
4969043d-b03e-43e4-9f5b-ca2489714b03	Shower Head Rusty	Y	N	N	N	Handheld Shower Head Holder Loose	"shower. **Concierge:** Hello ms. Aida one, this is Lucy at the front desk. How may I help you? **Guest:** Hi, the shower head look rusty. **Concierge:** We'll send someone to fix that right away! Can I help with anything else? **Guest:** No, thank you. **Concierge:** Thank you, have a good stay"	
8c4dbadd-b824-4be4-b81c-f7b82f4fc5cf	Shower hose broken	Y	N	N	N	Handheld Shower Head Holder Loose	"shower. **Concierge:** Hello ms. Aida one, this is Lucy at the front desk. How may I help you? **Guest:** Hi, the shower hose is broken. **Concierge:** We'll send someone to fix that right away! Can I help with anything else? **Guest:** No, thank you. **Concierge:** Thank you, have a good stay"	
a7e0b072-3ded-42b2-8dad-aedc1ac54747	Shower No Cold Water	Y	N	N	N	Water	"cold water. **Concierge:** Hello ms. Aida one, this is Lucy at the front desk. How may I help you? **Guest:** Hi, the shower got no cold water. **Concierge:** I apologize for the issue. We will send someone to fix the problem right away. Can I do anything else for you? **Guest:** No, thank you. **Concierge:** Thank you, have a good stay"	
464a16d6-d149-456c-9349-404da7423ce4	Shower Room Silicon	Y	N	N	N	Cleaning of Bathroom	"shower room. **Concierge:** Hello ms. Aida one, this is Lucy at the front desk. How may I help you? **Guest:** Hi, can I have a silicone for the shower room? **Concierge:** Certainly! I'll send someone up right away to get that for you. Do you need anything else? **Guest:** No, thank you. **Concierge:** Thank you, have a good stay"	
0f9ea154-1ad0-48db-b8e6-db04cfc2d4af	Silicone Behind Luggage Rack	Y	N	N	N	Need Assistance	"others. **Concierge:** Hello ms. Aida one, this is Lucy at the front desk. How may I help you? **Guest:** Hi, can I request for a silicone behind luggage rack? **Concierge:** Certainly! We'll arrange that right away. Do you need anything else? **Guest:** No, thank you. **Concierge:** Thank you, have a good stay"	
3449f2c5-0453-4815-8a64-684ebdbbada3	Smart Bed Faulty / Noisy	Y	N	N	N	Combine the bed	"bed. **Concierge:** Hello ms. Aida one, this is Lucy at the front desk. How may I help you? **Guest:** Hi, the smart bed is making some noise. **Concierge:** We'll send someone to check that out right away. Can I help with anything else? **Guest:** No, thank you. **Concierge:** Thank you, have a good stay"	
b2c7f11e-1707-4c99-a05e-662cdd3b622d	Tea Bags - Chamomile	Y	N	N	N	Need Assistance	"others. **Concierge:** Hello ms. Yun Jeen, this is Lucy at the front desk. How may I help you? **Guest:** Can I request tea bags Camomile? **Concierge:** Certainly! Tea bags will be delivered right away. Is there anything else you need assistance with? **Guest:** no **Concierge:** Great, thank you"	Can I request Tea Bags - Chamomile?
d058415f-0c61-424a-afb6-4f2cf3cf620b	Tea Bags - English Breakfast	Y	N	N	N	Need Assistance	"others. **Concierge:** Hello ms. Yun Jeen, this is Lucy at the front desk. How may I help you? **Guest:** I would like some tea, becks, English breakfast. **Concierge:** Certainly! I'll send someone up right away to get you some tea. Do you need anything else? **Guest:** no **Concierge:** Great, thank you"	I would like some Tea Bags - English Breakfast.
e92b1f00-a31f-4119-af21-10b31c5abb1f	Tea Bags - Green Tea	Y	N	N	N	Need Assistance	"others. **Concierge:** Hello ms. Yun Jeen, this is Lucy at the front desk. How may I help you? **Guest:** Can I have tea bags, green tea sent to my room? **Concierge:** Certainly! Tea bags will be delivered right away. Is there anything else you need assistance with? **Guest:** no **Concierge:** Great, thank you"	Can I have Tea Bags - Green Tea sent to my room?
01c86b0e-bb40-42a7-a65a-eaa206050f63	Tea Bags - Peppermint	Y	N	N	N	Need Assistance	"others. **Concierge:** Hello ms. Yun Jeen, this is Lucy at the front desk. How may I help you? **Guest:** Do you have tea bags peppermint? **Concierge:** Certainly! I'll send some tea bags and peppermint to your room right away. Anything else you need? **Guest:** no **Concierge:** Great, thank you"	Do you have Tea Bags - Peppermint?
17258919-f0c1-4c6b-be4b-6c0af074844a	Writing Table Light Fused	Y	N	N	N	Need Assistance	"others. **Concierge:** Hello ms. Yun Jeen, this is Lucy at the front desk. How may I help you? **Guest:** Hi, the light at the writing table is filled. Can someone come fix it? **Concierge:** Certainly! I'll send someone to fix the light right away. Do you need anything else? **Guest:** Nothing. **Concierge:** Thank you, have a good stay"	The light at the writing table is fused. Can someone come fix it?
0df355a2-5156-45e8-97ab-580ffdff4460	Bar Counter - Faded / Scratched	Y	N	N	N	Need Assistance	"others. **Concierge:** Hello mr. Kevin Fong, this is Lucy at the front desk. How may I help you? **Guest:** Can you get someone to take a look at the bar counter which is scratch? **Concierge:** Of course! We'll send someone up right away. Do you need anything else? **Guest:** No, thank you. **Concierge:** Thank you, have a good stay"	
c0309934-093d-440a-9b96-895572e3fd98	Bedroom Ceiling Light Flickering	Y	N	N	N	Bedroom ceiling leaking	"bedroom ceiling light. **Concierge:** Hello mr. Kevin Fong, this is Lucy at the front desk. How may I help you? **Guest:** Hi, I find that the bedroom ceiling light is flickering right now. Please send someone to replace it. **Concierge:** Certainly! I'll have an electrician sent up to check out the light right away. Do you need anything else? **Guest:** No thanks. **Concierge:** Thank you, please have a good stay"	
836a5fe5-0f12-4d38-898e-994de7034e3d	Pool Greenish	Y	Y	N	N	Need Assistance	"others. **Concierge:** Hello mr. Kevin Fong, this is Lucy at the front desk. How may I help you? **Guest:** Can you please get the pool clean up as it is quite greenish? **Concierge:** Absolutely! I'll have someone send someone to clean up the pool right away. Do you need anything else? **Guest:** 谢谢 **Concierge:** 祝您生活愉快！需要帮助随时联系"	
56618eee-437d-4c4f-ae08-24de1d72a084	Faucet Corroded	Y	N	N	N	Need Assistance	"others. **Concierge:** Hello ms. Priya Nakirasamy, this is Lucy at the front desk. How may I help you? **Guest:** The faucet looks corroded can you be inspected? **Concierge:** Of course! We'll send someone to inspect the faucet right away. Can I help with anything else? **Guest:** No, thank you. **Concierge:** Thank you, have a good stay"	
6a71489e-477d-413b-b0b4-553426c92653	Faucet Dripping	Y	N	N	N	Need Assistance	"others. **Concierge:** Hello ms. Priya Nakirasamy, this is Lucy at the front desk. How may I help you? **Guest:** The faucet keeps dripping, can it be repaired? **Concierge:** Of course, we'll send someone to fix that right away. Can I help with anything else? **Guest:** No, thank you. **Concierge:** Thank you, have a good stay"	
6dc866d1-0cda-4e9e-9946-854aaba87ef5	Faucet Sensor Defective	Y	N	N	N	Bypass Motion Sensor	"sensor isn't working. **Concierge:** Hello ms. Priya Nakirasamy, this is Lucy at the front desk. How may I help you? **Guest:** The faucet sensor isn't working can it be fixed? **Concierge:** Of course! We'll arrange for a technician to come fix the issue right away. Can I help with anything else? **Guest:** No, thank you. **Concierge:** Thank you, have a good stay"	
481c758e-69d2-4b76-963c-95193737b597	Floor Trap Choked	Y	N	N	N	Broken Bathroom Floor Tiles	"bathroom floor. **Concierge:** Hello ms. Priya Nakirasamy, this is Lucy at the front desk. How may I help you? **Guest:** I think the bathroom floor trap is choked. Can someone check? **Concierge:** We'll send someone right away to clear the trap! Do you need anything else while we're there? **Guest:** No, thank you. **Concierge:** Thank you, have a good stay"	
befa6d2f-7965-4f07-a6ff-88ede625eca0	HDMI Assistance	Y	N	N	N	Need Assistance	"others. **Concierge:** Hello ms. Priya Nakirasamy, this is Lucy at the front desk. How may I help you? **Guest:** Can you help me with the HDMI setup? **Concierge:** Certainly! I'll arrange that right away. Do you need anything else? **Guest:** No, thank you. **Concierge:** Thank you, have a good stay"	
7a51b517-4cfd-49d1-a049-acc81c3e2499	Ice Machine for Repair	Y	N	N	N	Need Assistance	"others. **Concierge:** Hello ms. Priya Nakirasamy, this is Lucy at the front desk. How may I help you? **Guest:** The ice machine seems broken. Can it be repaired? **Concierge:** We'll send someone to fix the issue right away! Do you need anything else? **Guest:** No, thank you. **Concierge:** Thank you, have a good stay"	
f7e01e59-98b7-4cc4-8772-ad2a8df0b032	Kitchen - Basin/ Sink No Water Supply	Y	N	N	N	Kitchen Basin to Silicon	"kitchen sink. **Concierge:** Hello ms. Priya Nakirasamy, this is Lucy at the front desk. How may I help you? **Guest:** There's no water from the kitchen sink can it be fixed? **Concierge:** Of course! I'll send someone to fix that right away. Can I help with anything else? **Guest:** No, thank you. **Concierge:** Thank you, have a good stay"	
c021caa7-e0b9-4d7b-ba25-a15972016fe4	Kitchen Ceiling Leaking	Y	N	N	N	Need Assistance	"others. **Concierge:** Hello ms. Priya Nakirasamy, this is Lucy at the front desk. How may I help you? **Guest:** There's a leakage on the kitchen ceiling can you be looked into? **Concierge:** Of course, we'll send someone to check right away. Can I help with anything else? **Guest:** No, thank you. **Concierge:** Thank you, have a good stay"	
41ca2b4f-39f0-4b1d-a321-65944d28b6e3	Kitchen Ceiling Panel Detached	Y	N	N	N	Ceiling Painting	"ceiling pane. **Concierge:** Hello ms. Priya Nakirasamy, this is Lucy at the front desk. How may I help you? **Guest:** Our kitchen ceiling panel has come loose, can it be fixed? **Concierge:** We'll send someone to fix that right away! Can we help with anything else? **Guest:** No, thank you. **Concierge:** Thank you, have a good stay"	
f7914efd-326f-49bf-8d38-839b1931cb75	Replenish Gym Towels	Y	N	N	N	Bath Towel	"towel. **Concierge:** Hello ms. Priya Nakirasamy, this is Lucy at the front desk. How may I help you? **Guest:** Could you replenish the gym towel? **Concierge:** Certainly! I'll send a replacement gym towel right away. Do you need anything else? **Guest:** No, thank you. **Concierge:** Thank you, have a good stay"	
ca9ea2af-1a6b-493b-903f-5b0a837b9dc4	Return Air Grill to Clean	Y	N	N	N	Need Assistance	"others. **Concierge:** Hello ms. Priya Nakirasamy, this is Lucy at the front desk. How may I help you? **Guest:** Could someone clean the return air grill? **Concierge:** Of course! I'll arrange for that right away. Is there anything else you need assistance with? **Guest:** No, thank you. **Concierge:** Thank you, take care"	
9e44f4c5-b0fe-4e09-b7dc-06809f227937	Room Cleaning	Y	N	N	N	Need Assistance	"others. **Concierge:** Hello ms. Priya Nakirasamy, this is Lucy at the front desk. How may I help you? **Guest:** Could my room be clean? **Concierge:** Certainly! We'll send someone up right away to clean your room. Is there anything else you need assistance with? **Guest:** No, thank you. **Concierge:** Thank you, have a good stay"	
ff89adbf-d937-4de8-a8d8-79954e4ded9e	Room Power Trip	Y	N	N	N	Need Assistance	"others. **Concierge:** Hello ms. Priya Nakirasamy, this is Lucy at the front desk. How may I help you? **Guest:** The power in my room trip can someone assist? **Concierge:** We'll send someone to check on your power issue right away! Can I help with anything else? **Guest:** No, thank you. **Concierge:** Thank you, have a good stay"	
953fff9d-b1a4-4ed3-8f88-bf72db0eda16	Coffee machine not working	Y	N	N	N	Vacuum Cleaner to Fix	"machine is not working. **Concierge:** Hello mr. Tham KY, this is Lucy at the front desk. How may I help you? **Guest:** The coffee machine is not working. **Concierge:** We'll send someone to fix that right away! Can I help with anything else? **Guest:** Thank you. **Concierge:** Thank you, please have a good stay"	
0dc8c197-992f-47bb-9ca7-d5f8ea764d44	DND Light OOO	Y	N	N	N	Need Assistance	"others. **Concierge:** Hello mr. Tham KY, this is Lucy at the front desk. How may I help you? **Guest:** The DND light is fuse. **Concierge:** We'll send someone to replace the fuse right away. Can we do anything else for you? **Guest:** Thank you. **Concierge:** Thank you, please have a good stay"	
63492f5e-c42f-49e8-a354-03de63e98ca7	Door Bell OOO	Y	N	N	N	Need Assistance	"others. **Concierge:** Hello mr. Tham KY, this is Lucy at the front desk. How may I help you? **Guest:** The doorbell is not working. **Concierge:** We'll send someone to fix that right away. Can I help with anything else? **Guest:** No, thank you. **Concierge:** Thank you, have a good stay"	
76a47d34-3d8e-4c6d-a7e2-16b55ec996aa	Dress pressed	Y	N	N	N	Need Assistance	"others. **Concierge:** Hello mr. Tham KY, this is Lucy at the front desk. How may I help you? **Guest:** My dress need to be pressed. Can you help? **Concierge:** Certainly! I'll send someone to press your dress right away. Do you need anything else? **Guest:** Thank you. **Concierge:** Thank you, and have a nice day"	
881956fd-d674-4cba-b22d-bec097621f2d	Setup poker table in suite	Y	N	N	N	Need Assistance	"others. **Concierge:** Hello mr. Tham KY, this is Lucy at the front desk. How may I help you? **Guest:** You can set up a poker table in the suite. **Concierge:** Certainly! I'll arrange that right away. Do you need anything else? **Guest:** Thank you. **Concierge:** Thank you, and have a great stay"	
e3c98a03-f0ba-4870-b92a-b0adf560ad95	Setup steam room in suite	Y	N	N	N	Need Assistance	"others. **Concierge:** Hello mr. Tham KY, this is Lucy at the front desk. How may I help you? **Guest:** Then you set up steam room in the suite. **Concierge:** Certainly! We'll arrange for the steam room to be set up in your suite right away. Do you need anything else while you're here? **Guest:** No, thank you. **Concierge:** Thank you, have a good stay"	
8782e965-613f-48de-b719-038fafd00911	Shaving Socket Outlet not Working	Y	N	N	N	Need Assistance	"others. **Concierge:** Hello mr. Tham KY, this is Lucy at the front desk. How may I help you? **Guest:** The shaving socket outlet is not working. **Concierge:** I apologize for the inconvenience. We will send someone to fix it right away. Can I help with anything else? **Guest:** No, thank you. **Concierge:** Thank you, please have a good stay"	
482e768f-8c56-4096-ac29-718e5808020e	Kitchen Drainage Backflow Bad Smell	Y	N	N	N	Need Assistance	"others. **Concierge:** Hello ms. Aida one, this is Lucy at the front desk. How may I help you? **Guest:** Hello, there is bad smell in the kitchen drainage back floor. **Concierge:** We'll send someone to check right away. Do you need anything else? **Guest:** Agno, thank you. **Concierge:** Thank you, have a good stay"	
dbcb7094-e31c-48ee-b373-9d0a1c1b20e7	Kitchen Faucet to be Replaced	Y	N	N	N	Need Assistance	"others. **Concierge:** Hello ms. Aida one, this is Lucy at the front desk. How may I help you? **Guest:** Hello, can you please the kitchen faucet? **Concierge:** Of course! I'll send someone to fix that right away. Can I help with anything else? **Guest:** No, thank you. **Concierge:** Thank you, have a good stay"	
3d84203c-5c8d-4f57-9dbf-777f91db01c2	Kitchen under Fridge Gasket to Replace	Y	N	N	N	Can't close the minibar door	"fridge. **Concierge:** Hello ms. Aida one, this is Lucy at the front desk. How may I help you? **Guest:** Hi, can you please replace the fridge gas cap in the kitchen? **Concierge:** Of course! I'll send someone to get that right away. Can I help with anything else? **Guest:** Now thank you. **Concierge:** Thank you, and have a great stay"	
2b0df735-f790-49e6-9c73-7bb8ecbfa86b	Lift aircon Not Functioning	Y	N	N	N	Need Assistance	"others. **Concierge:** Hello ms. Aida one, this is Lucy at the front desk. How may I help you? **Guest:** Hello, the leaf icon is not functioning. **Concierge:** I apologize for the inconvenience. We'll have that fixed right away. Do you need anything else? **Guest:** Now thank you. **Concierge:** Thank you, and take care"	
0f467126-4aa6-41f0-beb0-ff0c9ce2d58f	Lift Indicator Light OOO	Y	N	N	N	Need Assistance	"others. **Concierge:** Hello ms. Aida one, this is Lucy at the front desk. How may I help you? **Guest:** Hi, can you please check the light indicator in the leaf? **Concierge:** Of course! I'll have someone send someone up to check that for you right away. Can I assist with anything else? **Guest:** No thank you. **Concierge:** Thank you, have a good stay"	
ebc3b238-08f1-4d0b-a1da-68329b86af85	Lift Intercom Not Working	Y	N	N	N	Need Assistance	"others. **Concierge:** Hello ms. Aida one, this is Lucy at the front desk. How may I help you? **Guest:** Hi, the live intercom is not working. **Concierge:** I apologize for the inconvenience. We'll have someone look into that right away. Can I help with anything else? **Guest:** No, thank you. **Concierge:** Thank you, enjoy your stay"	
2f615faa-e4b6-4f95-b574-08f3da77bd9b	Lift Push Button Broken	Y	N	N	N	Need Assistance	"others. **Concierge:** Hello ms. Aida one, this is Lucy at the front desk. How may I help you? **Guest:** High, the push button inside the leaf is broken. **Concierge:** We'll send someone to fix that right away! Can I help with anything else? **Guest:** No, thank you. **Concierge:** Thank you, have a good stay"	
0f25c65a-09b8-4b60-a02b-5eac64bf216e	Light Dimmer Not Functioning	Y	N	N	N	Need Assistance	"others. **Concierge:** Hello ms. Aida one, this is Lucy at the front desk. How may I help you? **Guest:** Hi, the light diva inside the room is not functioning. **Concierge:** I apologize for the inconvenience. I'll have an electrician sent right away to fix the problem. Do you need anything else while we're waiting? **Guest:** No, thank you. **Concierge:** Thank you, and have a good stay"	
c03bed06-3138-4b04-845f-4028bf74c992	Milk bottle warmer	Y	N	N	N	Need Assistance	"others. **Concierge:** Hello ms. Aida one, this is Lucy at the front desk. How may I help you? **Guest:** Hi, can I request for a milk bottle in warmers? **Concierge:** Certainly! We'll send a milk bottle warmer right away. Do you need anything else? **Guest:** Now thank you. **Conc"	
b7feb9fa-0843-406b-9503-dba2f4d54ed0	Minibar content removal	Y	N	N	N	Can't close the minibar door	"mini bar. **Concierge:** Hello ms. Aida one, this is Lucy at the front desk. How may I help you? **Guest:** Hi, can you remove the mini bar contents? **Concierge:** Certainly! We'll have the mini-bar removed right away. Is there anything else you need assistance with? **Guest:** No, thank you. **Concierge:** Thank you, please have a good stay"	
75a3bce1-b856-467b-8d13-a9dc307dfb96	Minibar leaking	Y	N	N	N	Need Assistance	"others. **Concierge:** Hello ms. Aida one, this is Lucy at the front desk. How may I help you? **Guest:** Hi, my midi bar is leaking. **Concierge:** We'll send someone to fix that right away! Can I help with anything else? **Guest:** No, thank you. **Concierge:** Thank you, have a good stay"	
69256351-cd82-4d24-807e-c7b74972d874	Minibar Light Fused	Y	N	N	N	Can't close the minibar door	"mini bar. **Concierge:** Hello ms. Aida one, this is Lucy at the front desk. How may I help you? **Guest:** Hi, my mini bar light is used. **Concierge:** We'll send someone to replace your mini-bar light right away! Can I help with anything else? **Guest:** No, thank you. **Concierge:** Thank you, have a good stay"	
7909818a-2c6b-4077-8d18-d555f33f1d28	Pens	Y	N	N	N	Need assistance	"others. **Concierge:** Hello ms. Aida one, this is Lucy at the front desk. How may I help you? **Guest:** Hi, can I request pants? **Concierge:** Absolutely! We'll send some pants right away. Anything else you need? **Guest:** Thank you **Concierge:** Sure, have a good stay"	
6c715962-1e46-4792-b8de-00d5dc81ccfe	Pillow - Firm	Y	N	N	N	Need assistance	"others. **Concierge:** Hello ms. Aida one, this is Lucy at the front desk. How may I help you? **Guest:** Hi, can I request for a phone? **Concierge:** Certainly! We'll arrange for a phone to be delivered right away. Do you need anything else? **Guest:** No, thank you. **Concierge:** Thank you, have a good sta"	
46ae5a68-e3da-4a7f-9856-7995b3308e8e	Pillow - Q (quilted)	Y	N	N	N	Change Duvet	"quilt. **Concierge:** Hello ms. Aida one, this is Lucy at the front desk. How may I help you? **Guest:** Hi, can I request for a quilted below queue? **Concierge:** Absolutely! I'll arrange that right away. Anything else you need? **Guest:** No, thank you. **Concierge:** Thank you, have a good stay"	
fc873395-a9b4-42aa-8b73-f60fd6f6160d	Pipe Hammering Sound	Y	N	N	N	Need assistance	"others. **Concierge:** Hello ms. Aida one, this is Lucy at the front desk. How may I help you? **Guest:** Hey, I heard the pipe hammering found in my room. **Concierge:** We'll send someone to fix that right away! Can I help with anything else? **Guest:** No, thank you. **Concierge:** Thank you, have a good"	
464fcf20-746e-4e76-8cd7-f86ac80599a3	Pond for Dosing	Y	N	N	N	Need assistance	"others. **Concierge:** Hello ms. Aida one, this is Lucy at the front desk. How may I help you? **Guest:** Hi, can I request for dosing the points? **Concierge:** Absolutely! We'll send someone up right away to assist with that. Can I help with anything else? **Guest:** No, thank you. **Concierge:** Thank you, have a good stay"	
585eae4d-7b2e-4c0d-9d14-5ff76cdb283c	Pond Water Low Level	Y	N	N	N	Need assistance	"others. **Concierge:** Hello ms. Aida one, this is Lucy at the front desk. How may I help you? **Guest:** Hi, the pond water is **Concierge:** We'll send someone to refill the pond right away! Can I help with anything else? **Guest:** No, thank you. **Concierge:** Thank you, have a good stay"	
60a22656-f565-4fed-981b-f4ec118023b7	Shower Glass Door 	Y	N	N	N	Handheld Shower Head Holder Loose	"shower. **Concierge:** Hello ms. Aida one, this is Lucy at the front desk. How may I help you? **Guest:** Hi, there is something wrong with the shower blast dog. **Concierge:** I apologize for the inconvenience. We'll send someone to fix it right away. Can I help with anything else? **Guest:** No, thank you. **Concierge:** Thank you, have a good stay"	
cbcc7ed7-9915-42ca-acd6-d6145105fdb4	Shower glass door faulty	Y	N	N	N	Entrance Glass Door to clean	"glass door. **Concierge:** Hello ms. Aida one, this is Lucy at the front desk. How may I help you? **Guest:** Hi, the shovel glass door is faulty. **Concierge:** We'll send someone to fix that right away! Can I help with anything else? **Guest:** 謝謝 **Concierge:** Thank you, and have a great stay"	
ec6d6a9b-d85a-43c0-b4cd-24e893b75f2f	SMART BED REMOTE COVER MISSING	Y	N	N	N	Blanket	"cover. **Concierge:** Hello ms. Aida one, this is Lucy at the front desk. How may I help you? **Guest:** Hi, the Smart Bed Remote Cover. **Concierge:** Absolutely! We'll send that right away. Can I help with anything else? **Guest:** No, thank you. **Concierge:** Thank you, have a good stay"	
7c00614a-6c4b-4fe2-b232-86df5a9574e5	Sweetener Sachet	Y	N	N	N	Need Assistance	"others. **Concierge:** Hello ms. Yun Jeen, this is Lucy at the front desk. How may I help you? **Guest:** Can I request a signal such a please? **Concierge:** Certainly! We'll arrange that right away. Do you need anything else? **Guest:** No. **Concierge:** Thank you, have a good stay"	"Can I request a Sweetener Sachet, please?"
52af7fb4-ff3f-49b1-a19c-2d26c8b8fa31	Table Chipped	Y	N	N	N	Need Assistance	"others. **Concierge:** Hello ms. Yun Jeen, this is Lucy at the front desk. How may I help you? **Guest:** There is a table in my room. Can someone fix it? **Concierge:** Of course! I'll arrange for a technician to come and look at your table right away. Do you need anything else? **Guest:** No **Concierge:** Thank you, Ms. Yun Jeen"	There is a Table Chipped in my room. Can someone fix it?
276328db-2fb5-410a-8505-53168a0fd47a	Tea bags - Chinese Tea	Y	N	N	N	Need Assistance	"others. **Concierge:** Hello ms. Yun Jeen, this is Lucy at the front desk. How may I help you? **Guest:** Can I request tea back Chinese tea? **Concierge:** Certainly! I'll send some Chinese tea up right away. Anything else you need? **Guest:** now **Concierge:** Thank you, have a good stay"	Can I request Tea bags - Chinese Tea?
1a706e26-e81a-4dcb-92fc-750f4a9a49c1	Tea Bags - Earl Gey	Y	N	N	N	Need Assistance	"others. **Concierge:** Hello ms. Yun Jeen, this is Lucy at the front desk. How may I help you? **Guest:** Please send me some tea bags of grapes. **Concierge:** Certainly! Tea bags will be delivered right away. Anything else? **Guest:** No. **Concierge:** Thank you, have a good stay"	Please send me some Tea Bags - Earl Gey?
de3ce2b8-e9e2-4da7-8844-e02a4d8e5658	Telephone No Dial Tone	Y	N	N	N	Need Assistance	"others. **Concierge:** Hello ms. Yun Jeen, this is Lucy at the front desk. How may I help you? **Guest:** telephone no doubt told can **Concierge:** I apologize, we don't have your phone number. Can I assist you with anything else? **Guest:** No **Concierge:** Thank you, please accept our apologies for any inconvenience caused"	Telephone No Dial Tone. Can this be fixed?
e6250cc4-a31c-4ae5-a01c-4b4c1b1e3a9e	Telephone Volume Too Low	Y	Y	N	N	Need Assistance	"others. **Concierge:** Hello ms. Yun Jeen, this is Lucy at the front desk. How may I help you? **Guest:** My telephone volume too low. Can someone adjust it? **Concierge:** Certainly! I'll have the TV volume adjusted right away. Do you need anything else? **Guest:** 不 **Concierge:** 好的，祝您一切顺利"	My Telephone Volume Too Low. Can someone adjust it?
7c534be1-a98f-41ad-a0dc-cea4e0879ec7	Toilet Bowl Clogged	Y	N	N	N	Cleaning of Bathroom	"the toilet. **Concierge:** Hello ms. Yun Jeen, this is Lucy at the front desk. How may I help you? **Guest:** The toilet bowl clock **Concierge:** Certainly! We'll send someone to replace the toilet bowl clock right away. Can I help with anything else? **Guest:** No. **Concierge:** Thank you, have a great stay"	The Toilet Bowl Clogged. Can someone come over and check?
636f7b0f-4214-445b-b2cb-ecc0141a3e37	Toilet clogged	Y	Y	N	N	Cleaning of Bathroom	"the toilet. **Concierge:** Hello ms. Yun Jeen, this is Lucy at the front desk. How may I help you? **Guest:** the toilet clock **Concierge:** Certainly! We'll send someone to adjust the toilet clock right away. Can I help with anything else? **Guest:** 不 **Concierge:** 好的，祝您一切顺利"	The Toilet clogged. Please send someone.
c570cf23-8e8d-4fb8-b78b-1634c4d4adad	Towel Rack Loose	Y	N	N	N	Need Assistance	"others. **Concierge:** Hello ms. Yun Jeen, this is Lucy at the front desk. How may I help you? **Guest:** The tower wreck is loose. Please. **Concierge:** Thank you! We'll send someone up right away to secure the tower. Can I help with anything else? **Guest:** no **Concierge:** Goodbye then"	The Towel Rack is Loose. Please fix it.
fdea601d-56b8-427b-bb8a-147c837fd4ce	Towel railing faulty	Y	N	N	N	Children bed rail	"rail. **Concierge:** Hello ms. Yun Jeen, this is Lucy at the front desk. How may I help you? **Guest:** The power railing is faulty. **Concierge:** We'll send someone to fix it right away! Anything else you need? **Guest:** No. **Concierge:** Thank you, have a good stay"	The Towel railing is faulty. 
4eacb99e-0bcd-4091-9e4a-a95145a6642a	Soap Dispenser	Y	N	N	N	Need Assistance	"others. **Concierge:** Hello ms. Yun Jeen, this is Lucy at the front desk. How may I help you? **Guest:** Please refill my fork dispenser. **Concierge:** Certainly! I'll have someone send a replacement fork to your room right away. Do you need anything else? **Guest:** No. **Concierge:** Thank you, and thank you again for calling the Front Desk"	Please refill my Soap Dispenser.
27170a2a-f33b-4dbb-a807-89b7ec262c33	Stirrer	Y	N	N	N	Need Assistance	"others. **Concierge:** Hello ms. Yun Jeen, this is Lucy at the front desk. How may I help you? **Guest:** Do you have a story? **Concierge:** Absolutely! We can arrange for a storyteller to visit your room. Would that be of assistance? **Guest:** Nothing else. **Concierge:** Thank you so much Ms. Yun Jeen"	Do you have a Stirrer
9f45cc5a-6f5e-46aa-b84c-7b6851359e8f	Suit express dry clean	Y	N	N	N	Need Assistance	"others. **Concierge:** Hello ms. Yun Jeen, this is Lucy at the front desk. How may I help you? **Guest:** Do you offer suit express drive? **Concierge:** Absolutely! We can arrange that right away. Can I assist you with anything else? **Guest:** (何) 何丁 **Concierge:** Ms. Yun Jeen, we'll send someone to your room right away. Is there anything else you need assistance with? **Guest:** 拿手 **Concierge:** Sure, I will have some hand towels delivered to your room promptly. Is there anything else you require? **Guest:** Nothing. **Concierge:** Thank you, Ms. Yun Jeen"	Do you offer Suit express dry clean service?
dbd4aa5c-4342-4a23-945f-5de05c0f941e	Air con Thermostat No Display	Y	N	N	N	Need Assistance	"others. **Concierge:** Hello mr. Kevin Fong, this is Lucy at the front desk. How may I help you? **Guest:** Why that the air counter most has no display at all? **Concierge:** I apologize for the inconvenience. We will have an air conditioner display repaired right away. Is there anything else you need assistance with? **Guest:** No thanks. **Concierge:** Thank you, please have a pleasant stay"	
c8fe4b57-a99c-4f47-9095-74d65cd32b1a	Air purifier	Y	N	N	N	Need Assistance	"others. **Concierge:** Hello mr. Kevin Fong, this is Lucy at the front desk. How may I help you? **Guest:** Please send me an app yourifier to the room now. **Concierge:** Certainly! An application will be delivered shortly. Is there anything else I can assist you with? **Guest:** No, thank you. **Concierge:** Thank you, please have a good stay"	
59eac511-5e7d-40be-b97c-73bdda37dda5	Ashtray	Y	N	N	N	Need Assistance	"others. **Concierge:** Hello mr. Kevin Fong, this is Lucy at the front desk. How may I help you? **Guest:** I would need an air straight to be delivered to my room now. **Concierge:** Certainly! I'll arrange that right away. Do you need anything else? **Guest:** No, thank you. **Concierge:** Thank you, have a good stay"	
77794711-8ec4-4807-ab4a-e784868e8770	Basin Choked	Y	N	N	N	Need Assistance	"others. **Concierge:** Hello mr. Kevin Fong, this is Lucy at the front desk. How may I help you? **Guest:** The basin in the room is chalk. Please get someone to clear it. **Concierge:** Of course, we'll send someone to clean up the basin right away! Is there anything else? **Guest:** no that's all **Concierge:** Thank you, have a good stay"	
f52bd810-84eb-49a8-a79a-cc24c581d5bd	Basin drainage Slow	Y	N	N	N	Need Assistance	"others. **Concierge:** Hello mr. Kevin Fong, this is Lucy at the front desk. How may I help you? **Guest:** I find that the basin drainage is very slow. Can you get someone to take a look? **Concierge:** Of course, we'll send someone to check it out right away! Do you need anything else while we're waiting? **Guest:** No, thank you. **Concierge:** Thank you, have a good stay"	
56ed5e27-3e17-4152-9392-8f0e453b508f	Basin Stopper Jammed	Y	N	N	N	Need Assistance	"others. **Concierge:** Hello mr. Kevin Fong, this is Lucy at the front desk. How may I help you? **Guest:** The basin's copper is jammed. Please get someone to replace it. **Concierge:** Of course, we'll send someone to fix that right away! Is there anything else? **Guest:** Thank you. **Concierge:** Thank you, please have a nice stay"	
1ee639d2-b1e4-4a92-b9a0-fd941b807ab8	Basin Tap Head Loose	Y	N	N	N	Need Assistance	"others. **Concierge:** Hello mr. Kevin Fong, this is Lucy at the front desk. How may I help you? **Guest:** Link at someone to adjust the basin tap hit as it is loose. **Concierge:** Of course! I'll have the basin tap adjusted right away. Can I help with anything else? **Guest:** Thank you. **Concierge:** Goodbye, enjoy your stay"	
892203c8-2d8c-4edb-a8a7-1eb4b46efa97	Basin Tap Loose	Y	Y	N	N	Need Assistance	"others. **Concierge:** Hello mr. Kevin Fong, this is Lucy at the front desk. How may I help you? **Guest:** Please tighten the base in tab which is loose. **Concierge:** Of course, we'll send someone to fix that right away! Can I help with anything else? **Guest:** 都会的 **Concierge:** 太感谢了，祝您一切顺利"	
747eab3d-358c-4428-94de-45bdf99eac11	Bath gel	Y	N	N	N	Need Assistance	"others. **Concierge:** Hello mr. Kevin Fong, this is Lucy at the front desk. How may I help you? **Guest:** Please deliver some baby gel to my room right now. **Concierge:** Certainly! We'll have the baby gel delivered to your room shortly. Is there anything else you need assistance with? **Guest:** No, thank you. **Concierge:** Thank you, please have a good stay"	
eb684d26-041b-4e7e-ac5e-cb2ad1ad0c63	Bath mat	Y	N	N	N	Need Assistance	"others. **Concierge:** Hello mr. Kevin Fong, this is Lucy at the front desk. How may I help you? **Guest:** Please get me a baby mat to my room. **Concierge:** Certainly! I'll send one up right away. Anything else you need assistance with? **Guest:** No, thank you. **Concierge:** Thank you, have a good stay"	
ed4709ff-5da3-4df5-be25-0676e72b97d4	Bath robe	Y	N	N	N	Cleaning of Bathroom	"bathroom. **Concierge:** Hello mr. Kevin Fong, this is Lucy at the front desk. How may I help you? **Guest:** Can you send me a bathroom to my room now? **Concierge:** Of course! We'll arrange for a bathroom to be sent up right away. Is there anything else you need assistance with? **Guest:** No, thank you. **Concierge:** Thank you, have a good stay"	
f8e9f709-9e4b-471f-81a1-33351d296a7d	Bath towel extra	Y	N	N	N	Need Assistance	"others. **Concierge:** Hello mr. Kevin Fong, this is Lucy at the front desk. How may I help you? **Guest:** I need an extra bath power, please bring it to my room now. **Concierge:** Certainly! I'll send someone to your room right away to get that for you. Do you need anything else? **Guest:** No thanks. **Concierge:** Thank you, have a good stay"	
fb786912-26a1-4227-a24c-b35b285e5354	Bath towel replaced	Y	Y	N	N	Need Assistance	"others. **Concierge:** Hello mr. Kevin Fong, this is Lucy at the front desk. How may I help you? **Guest:** I need my buff power to be replaced in my room. **Concierge:** Certainly! I'll send someone to replace your bathroom sink tap right away. Do you need anything else? **Guest:** 多謝您 **Concierge:** 感谢您的来电，再见"	
b2eeb76c-9190-463f-8941-405c8ba6a91c	Bedsheet	Y	N	N	N	Combine the beds	"bed. **Concierge:** Hello mr. Kevin Fong, this is Lucy at the front desk. How may I help you? **Guest:** Hi, I will need a new bed. **Concierge:** Of course, I'll send someone up right away to get that for you. Do you need anything else? **Guest:** No, thank you. **Concierge:** Thank you, have a good stay"	
abc1570d-94d6-41c7-a971-4e4f191197a0	Bedside Socket Not Working	Y	Y	N	N	Need Assistance	"others. **Concierge:** Hello mr. Kevin Fong, this is Lucy at the front desk. How may I help you? **Guest:** May I know why the dead side socket is not working? Can someone please come and take a look? **Concierge:** Of course, we'll send someone to check it out right away. Do you need anything else? **Guest:** 谢谢 **Concierge:** 好的，祝您一切顺利"	
b71c46e2-cdbd-494c-bf9b-11b7edcb9ad4	Refill Hand Soap	Y	N	N	N	Bath soap	"soap. **Concierge:** Hello mr. Kevin Fong, this is Lucy at the front desk. How may I help you? **Guest:** Can you send someone to refill the head soap in the room? **Concierge:** Certainly! I'll have someone come by right away to refill your head soap. Is there anything else you need assistance with? **Guest:** No, thank you. **Concierge:** Thank you, please have a good stay"	
1605ceea-54be-4f9a-8a35-c702438d7d6d	Electric kettle faulty	Y	N	N	N	Need Assistance	"others. **Concierge:** Hello ms. Priya Nakirasamy, this is Lucy at the front desk. How may I help you? **Guest:** The electric capital isn't working, can it be checked? **Concierge:** Of course! We'll send someone to check it out right away. Can I help with anything else? **Guest:** No, thank you. **Concierge:** Thank you, have a good stay"	
6c1845bb-3eb0-4ecb-bdbe-c2ed3b21895f	Entrance Rug to Vacuum	Y	N	N	N	Entrance Door	"entrance. **Concierge:** Hello ms. Priya Nakirasamy, this is Lucy at the front desk. How may I help you? **Guest:** Can someone vacuum the rock at the entrance? **Concierge:** Of course! We'll arrange for that right away. Is there anything else you need assistance with? **Guest:** No, thank you. **Concierge:** Thank you, have a good stay"	
19ed0e4a-637e-4ed3-ab70-30e683a5af2e	Entrance Wall Socket	Y	N	N	N	Entrance Door	"entrance. **Concierge:** Hello ms. Priya Nakirasamy, this is Lucy at the front desk. How may I help you? **Guest:** Is the wall forked near the entrance safe to use? **Concierge:** Of course! We'll send someone to assist you right away. Can I help with anything else? **Guest:** No, thank you. **Concierge:** Thank you, have a good stay"	
8a76ed09-5731-4041-ba45-2ffb070666ad	Exit Light Fused	Y	N	N	N	Need Assistance	"others. **Concierge:** Hello ms. Priya Nakirasamy, this is Lucy at the front desk. How may I help you? **Guest:** Can you replace the fuse at the light? **Concierge:** Of course! I'll send someone to replace the fuse right away. Do you need anything else? **Guest:** No, thank you. **Concierge:** Thank you, have a good stay"	
b0f663b7-4bb1-4582-9ce9-10da8aef38dd	Exit Signage Detached	Y	N	N	N	Need Assistance	"others. **Concierge:** Hello ms. Priya Nakirasamy, this is Lucy at the front desk. How may I help you? **Guest:** The azid finage looks detached can be fixed. **Concierge:** Certainly! We'll arrange for that right away. Is there anything else? **Guest:** No, thank you. **Concierge:** Thank you, have a good stay"	
d4b4566b-1d94-468d-b6a8-3534b4071c04	Extension cord	Y	N	N	N	Need Assistance	"others. **Concierge:** Hello ms. Priya Nakirasamy, this is Lucy at the front desk. How may I help you? **Guest:** Can I request an extension code? **Concierge:** Certainly! An extension code will be sent to your room shortly. Do you need anything else? **Guest:** No, thank you. **Concierge:** Thank you, have a good stay"	
e8b8fa53-1d07-46be-9c76-a0eb6abf6760	Extra Pillow - Standard	Y	N	N	N	Need Assistance	"others. **Concierge:** Hello ms. Priya Nakirasamy, this is Lucy at the front desk. How may I help you? **Guest:** Can I have an extra standard below? **Concierge:** Certainly! We'll send one up right away. Anything else you need? **Guest:** No, thank you. **Concierge:** Thank you, take care"	
21a19b0a-1ae2-4b44-9e44-2318e07b8636	Face towel	Y	N	N	N	Handheld Shower Head Holder Loose	"shower. **Concierge:** Hello ms. Priya Nakirasamy, this is Lucy at the front desk. How may I help you? **Guest:** Could I request an extra face shower? **Concierge:** Absolutely! We'll arrange that right away. Anything else you need? **Guest:** No, thank you. **Concierge:** Thank you, have a good stay"	
625710eb-ff7b-4bdb-992d-6cf199f6545e	Glass Wall - Broken or Cracked	Y	N	N	N	Extra Glasses	"glass. **Concierge:** Hello ms. Priya Nakirasamy, this is Lucy at the front desk. How may I help you? **Guest:** There is crack on the glass wall. Can it be infected? **Concierge:** We'll send someone to repair it right away. Do you need anything else? **Guest:** No, thank you. **Concierge:** Thank you, have a good stay"	
ab987fff-424d-4471-bb98-12ccc8ddbc7e	Guest Lift Mirror to Clean	Y	N	N	N	Make up room	"cleaning. **Concierge:** Hello ms. Priya Nakirasamy, this is Lucy at the front desk. How may I help you? **Guest:** May I request cleaning for the gas lift mural? **Concierge:** Absolutely! We'll send someone up right away to clean that area. Do you need anything else? **Guest:** No, thank you. **Concierge:** Thank you, have a good stay"	
2cb4ad07-2cc3-4e97-870f-6e3969d21920	Guest Lift To Clean	Y	N	N	N	Need Assistance	"others. **Concierge:** Hello ms. Priya Nakirasamy, this is Lucy at the front desk. How may I help you? **Guest:** Could the gas leaf be clean? **Concierge:** Of course! I'll send someone up right away to clean the gas leaf. Do you need anything else? **Guest:** No, thank you. **Concierge:** Thank you, have a good stay"	
f715029f-8750-4918-a8d4-de282449c192	Handicapped Lift to Clean	Y	N	N	N	Need Assistance	"others. **Concierge:** Hello ms. Priya Nakirasamy, this is Lucy at the front desk. How may I help you? **Guest:** Could the handicapped leaf be clean? **Concierge:** Certainly! We'll send someone to clean the handicapped leaf right away. Is there anything else you need assistance with? **Guest:** No, thank you. **Concierge:** Thank you, have a good stay"	
2318fdd4-25eb-4637-b3c3-ae4a4462e422	Hanging Light Fused	Y	N	N	N	Air con Issue	"sea. **Concierge:** Hello ms. Priya Nakirasamy, this is Lucy at the front desk. How may I help you? **Guest:** One of the hanging slide head seals can be replaced. **Concierge:** Certainly! I'll send someone to replace the seal right away. Do you need anything else? **Guest:** No, thank you. **Concierge:** Thank you, have a good stay"	
57829c90-7222-4f19-b1a2-ee3e05c2dd9d	Ice Bin - Dripping / Leaked	Y	N	N	N	Need Assistance	"others. **Concierge:** Hello ms. Priya Nakirasamy, this is Lucy at the front desk. How may I help you? **Guest:** The ice bean appears to be leaking. Can you check? **Concierge:** We'll send someone to fix that right away! Do you need anything else? **Guest:** No, thank you. **Concierge:** Thank you, have a good stay"	
da3be01c-bc7d-4739-a554-20f6b872d4a8	Kitchen Door Faulty	Y	N	N	N	Need Assistance	"others. **Concierge:** Hello ms. Priya Nakirasamy, this is Lucy at the front desk. How may I help you? **Guest:** The keyboard seems 40. Can you inspect it? **Concierge:** Absolutely! We'll send someone to fix that right away. Do you need anything else? **Guest:** No, thank you. **Concierge:** Thank you, have a good stay"	
7ca5422c-b608-4d2f-bdb1-d87d3ecf578e	Replace Bath rug	Y	N	N	N	Need Assistance	"others. **Concierge:** Hello ms. Priya Nakirasamy, this is Lucy at the front desk. How may I help you? **Guest:** Can the buff rock be replayed? **Concierge:** Certainly! We'll have that ready right away. Do you need anything else? **Guest:** No, thank you. **Concierge:** Thank you, take care"	
2891e469-a5d2-4948-a189-5dd12c987aa8	Replenish M fold towel	Y	N	N	N	Need Assistance	"others. **Concierge:** Hello ms. Priya Nakirasamy, this is Lucy at the front desk. How may I help you? **Guest:** May I request more ample double? **Concierge:** Certainly! We'll send an additional bed right away. Do you need anything else? **Guest:** No, thank you. **Concierge:** Thank you, have a good stay"	
85d4afe3-2a0d-4d33-9723-9e76d748318f	Request for city map	Y	N	N	N	Need Assistance	"others. **Concierge:** Hello ms. Priya Nakirasamy, this is Lucy at the front desk. How may I help you? **Guest:** Can I get a CD map? **Concierge:** Certainly! I'll send one up right away. Anything else you need? **Guest:** No, thank you. **Concierge:** Thank you, have a good stay"	
df84d033-e872-4d3c-8508-5fd175ec466b	Room Condensation	Y	N	N	N	Need Assistance	"others. **Concierge:** Hello ms. Priya Nakirasamy, this is Lucy at the front desk. How may I help you? **Guest:** There's condensation in my room's KDB address. **Concierge:** We'll send someone up right away to fix that. Can I help with anything else? **Guest:** No, thank you. **Concierge:** Thank you, have a good stay"	
20e369b7-e303-4666-9f7a-4fe1b6e74036	Room lights are not working	Y	N	N	N	Need Assistance	"others. **Concierge:** Hello ms. Priya Nakirasamy, this is Lucy at the front desk. How may I help you? **Guest:** A room light on working, can you fix them? **Concierge:** Of course! I'll have someone come by right away to check on that. Can I help with anything else? **Guest:** No thank you **Concierge:** Thank you, have a good stay"	
b7bfa756-65a8-4d38-8837-b5edc5c34689	Room skirting	Y	N	N	N	Need Assistance	"others. **Concierge:** Hello ms. Priya Nakirasamy, this is Lucy at the front desk. How may I help you? **Guest:** The scutting in the room has come loose. Can it be repaired? **Concierge:** Of course! We'll send someone up right away to fix that for you. Do you need anything else while we're here? **Guest:** No, thank you. **Concierge:** Thank you, have a good stay"	
8404efa7-f778-4a79-994d-e0079f32b330	Blinds Horizontal Bar Loose	Y	N	N	N	Need Assistance	"others. **Concierge:** Hello mr. Tham KY, this is Lucy at the front desk. How may I help you? **Guest:** The Bluntly Horizontal Bar is loose. Please help to fix it. **Concierge:** Of course! We'll send someone to fix the bar right away. Can I help with anything else? **Guest:** No, thank you. **Concierge:** Thank you, have a good stay"	
cb8f6141-2362-4e36-a7ed-44708121fbcd	Bottle sterilizer	Y	N	N	N	Need Assistance	"others. **Concierge:** Hello mr. Tham KY, this is Lucy at the front desk. How may I help you? **Guest:** I need a bottle stir-fryer. **Concierge:** Certainly! I'll send one up right away. Do you need anything else? **Guest:** No, thank you. **Concierge:** Thank you, have a good stay"	
5023703a-462f-4263-a20a-cbde03a899bb	Bunk bed lamp fused	Y	N	N	N	Need Assistance	"others. **Concierge:** Hello mr. Tham KY, this is Lucy at the front desk. How may I help you? **Guest:** The bound bit length is filled. Can you track? **Concierge:** Certainly! We'll start tracking right away. Is there anything else you need assistance with? **Guest:** No, thank you. **Concierge:** Thank you, take care"	
126f4bfc-26e5-4a09-838f-cbf52e76d8c3	Bunk Bed Pole Loose	Y	N	N	N	Need Assistance	"others. **Concierge:** Hello mr. Tham KY, this is Lucy at the front desk. How may I help you? **Guest:** Can you check the Bung Bit O? It is loose. **Concierge:** Of course, we'll send someone to fix that right away. Do you need anything else? **Guest:** No, thank you. **Concierge:** Thank you, have a good stay"	
bb2c3b3b-7f4e-42c7-9898-77bfb61a0fa0	Carpet (Guest Room Corridor)	Y	N	N	N	Need Assistance	"others. **Concierge:** Hello mr. Tham KY, this is Lucy at the front desk. How may I help you? **Guest:** Come in the guest room corridor is dirty. **Concierge:** We'll send someone to clean up right away. Can I help with anything else? **Guest:** No, thank you. **Concierge:** Thank you, have a good stay"	
9332a260-b827-45e5-9ddf-84734eb7dab7	Ceiling Light Fused	Y	N	N	N	Need Assistance	"others. **Concierge:** Hello mr. Tham KY, this is Lucy at the front desk. How may I help you? **Guest:** The leading light is filled, can you check? **Concierge:** Certainly! We'll send someone to check right away. Do you need anything else? **Guest:** No, thank you. **Concierge:** Thank you, have a good stay"	
d127cceb-770c-42db-acc6-ecf885e8e80b	Ceiling Painting	Y	N	N	N	Need Assistance	"others. **Concierge:** Hello mr. Tham KY, this is Lucy at the front desk. How may I help you? **Guest:** The painting in the ceiling is **Concierge:** We'll send someone up right away to take a look at that. Do you need anything else while we're waiting? **Guest:** No, thank you. **Concierge:** Thank you, have a good stay"	
cec967e3-01ac-40d0-b824-7691399c05fb	Chair for Repaint	Y	N	N	N	Need Assistance	"others. **Concierge:** Hello mr. Tham KY, this is Lucy at the front desk. How may I help you? **Guest:** Please repaint the chain. **Concierge:** Certainly! I'll have someone come paint the chain right away. Can I help with anything else? **Guest:** No, thank you. **Concierge:** Thank you, please have a good stay"	
193775e3-1172-4344-9a63-9b30c7904e63	Child bathrobe	Y	N	N	N	Need Assistance	"others. **Concierge:** Hello mr. Tham KY, this is Lucy at the front desk. How may I help you? **Guest:** I need a childbuff rope. **Concierge:** Certainly! I'll send one up right away. Do you need anything else? **Guest:** No, thank you. **Concierge:** Thank you, have a good stay"	
580e4087-2e3b-43f7-8240-4148f470d7f1	Coffee Decaf Sachet	Y	N	N	N	Need Assistance	"others. **Concierge:** Hello mr. Tham KY, this is Lucy at the front desk. How may I help you? **Guest:** I need some coffee decave circuits. **Concierge:** Certainly! I'll send someone to get those for you right away. Do you need anything else? **Guest:** Now, thank you. **Concierge:** Thank you, and take care"	
764189ce-adf6-45c9-91cc-6ace9ab9f43e	Coffee Sachet	Y	N	N	N	Need Assistance	"others. **Concierge:** Hello mr. Tham KY, this is Lucy at the front desk. How may I help you? **Guest:** I need some coffee set to it. **Concierge:** Certainly! We'll have a coffee set delivered right away. Do you need anything else? **Guest:** No, thank you. **Concierge:** Thank you, please have a good stay"	
a10ce9b7-ca2b-492e-828a-01a5a76db3e4	Coffee sachets	Y	N	N	N	Need Assistance	"others. **Concierge:** Hello mr. Tham KY, this is Lucy at the front desk. How may I help you? **Guest:** I need some coffee circuits. **Concierge:** Certainly! I'll send some coffee circuits up right away. Do you need anything else? **Guest:** No, thank you. **Concierge:** Thank you, have a good stay"	
42ee74a5-4142-4935-8fc9-d91b412b24cb	Corner guards	Y	N	N	N	Need Assistance	"others. **Concierge:** Hello mr. Tham KY, this is Lucy at the front desk. How may I help you? **Guest:** I need some corner guts. **Concierge:** Certainly! I'll send someone to get those for you right away. Do you need anything else? **Guest:** No, thank you. **Concierge:** Thank you, have a good stay"	
5f683fc2-1994-4f91-9f6f-411b48f3a315	Cotton buds	Y	N	N	N	Babycot	"cot. **Concierge:** Hello mr. Tham KY, this is Lucy at the front desk. How may I help you? **Guest:** I need some cotton box. **Concierge:** Certainly! I'll send someone to get some cotton boxes right away. Do you need anything else? **Guest:** No, thank you. **Concierge:** Thank you, have a good stay"	
99fbd2b2-32e0-4987-a751-bc7b09ab70c5	Cove Light Fused	Y	N	N	N	Need Assistance	"others. **Concierge:** Hello mr. Tham KY, this is Lucy at the front desk. How may I help you? **Guest:** The cough light is fierce. **Concierge:** Certainly! I'll send someone to replace the cough light right away. Can I help with anything else? **Guest:** No, thank you. **Concierge:** Thank you, have a good stay"	
e8d7be57-83cd-4c8e-97fb-7fc1ceda053a	Creamer sachets	Y	N	N	N	Need Assistance	"others. **Concierge:** Hello mr. Tham KY, this is Lucy at the front desk. How may I help you? **Guest:** I need some creamer stitches. **Concierge:** Certainly! I'll send someone up right away to get you some creamer and stitch. Is there anything else you need? **Guest:** No, thank you. **Concierge:** Thank you, have a good stay"	
08408157-2e14-4722-8f89-da6e3bee87d9	Dehumidifier	Y	N	N	N	Need Assistance	"others. **Concierge:** Hello mr. Tham KY, this is Lucy at the front desk. How may I help you? **Guest:** I need a dehyl medifier. **Concierge:** Certainly! I'll send one right away. Anything else you need? **Guest:** No, thank you. **Concierge:** Thank you, take care"	
8c9168d2-8586-458a-95cc-f2cad974eda9	Setup dining room for dinner in suite	Y	N	N	N	Need Assistance	"others. **Concierge:** Hello mr. Tham KY, this is Lucy at the front desk. How may I help you? **Guest:** Then you set up the dining room for dinner. **Concierge:** Certainly! We'll arrange for dinner service to start at 6:00 PM. Is there anything else you need assistance with? **Guest:** No, thank you. **Concierge:** Thank you, have a good stay"	
1c14e907-d21c-4f07-ab63-3b99c2221cc8	Setup jacuzzi in suite	Y	N	N	N	Need Assistance	"others. **Concierge:** Hello mr. Tham KY, this is Lucy at the front desk. How may I help you? **Guest:** Then you set up the jakuji in the suite. **Concierge:** Certainly! We'll arrange for the Jakuti to be set up in your suite as soon as possible. Is there anything else you need assistance with? **Guest:** Thank you. **Concierge:** Thank you, please have a good stay"	
ea6483fd-433d-48a6-9ece-627511c7db6d	Shoe horn	Y	N	N	N	Need Assistance	"others. **Concierge:** Hello mr. Tham KY, this is Lucy at the front desk. How may I help you? **Guest:** Any Su Hon? **Concierge:** I apologize, we do not have any rooms named Su Hon. Can I assist you with anything else? **Guest:** I need a shoe horn. **Concierge:** Certainly! We'll send one up right away. Do you need help with anything else? **Guest:** No, thank you. **Concierge:** Thank you, please have a good stay"	
48809055-3b70-45ee-93aa-9a12448c48f6	Shoe mitt	Y	N	N	N	Need Assistance	"others. **Concierge:** Hello mr. Tham KY, this is Lucy at the front desk. How may I help you? **Guest:** I need a shoe, mitts. **Concierge:** Certainly! I'll send some shoe mitts up right away. Do you need anything else? **Guest:** No, thank you. **Concierge:** Thank you, have a good stay"	
8af70431-9a1d-4100-bd75-d13c1e9f431d	Shoes Shine Services	Y	N	N	N	Need Assistance	"others. **Concierge:** Hello mr. Tham KY, this is Lucy at the front desk. How may I help you? **Guest:** Do you have full shine services? **Concierge:** Absolutely! We'll arrange that right away. Can I help with anything else? **Guest:** No, thank you. **Concierge:** Thank you, take care"	
